id;first_name;last_name;grade;gender;birth_date;emr_1_first_name;emr_1_last_name;emr_1_relation_ship;emr_1_email;emr_1_phone_no;emr_2_first_name;emr_2_last_name;emr_2_relation_ship;emr_2_email;emr_2_phone_no
1;Ricardo;Kuphal;1;FEMALE;2020-03-05T03:26:12;Cotton Rand PCI;plug-and-play;client-server Crossing Analyst;"n)}@vjFi.+sg";48943;Shoes;Virtual partnerships;Planner multi-tasking;"jWl:@;B.?#)c";87898
2;Milton;Gleason;3;MALE;2020-03-05T01:57:32;Beauty functionalities Nevada;Accounts Alabama olive;budgetary management transmit payment;"`:8!o@f6uf.d|c";371;Chief Rubber Concrete;Station Key;Streets Kentucky collaborative;"*@,.>PGKzv";46843
3;Bella;Rosenbaum;4;MALE;2020-03-05T02:25:27;European Unit of Account 17(E.U.A.-17);Garden Regional COM;Money Market Account;"O@BrCaz.s,Sx";24657;infomediaries Ferry Distributed;integrated;Shirt Bermudian Dollar (customarily known as Bermuda Dollar) Massachusetts;"BH:w@!.c&9";83424
4;Natalie;Miller;0;FEMALE;2020-03-05T07:59:18;compressing Direct Outdoors;Chief;24/7 Road;"r@(p.CF%[";92478;Checking Account payment;invoice;systems Home;"T-@_[~:.a";99362
5;Wendy;O'Connell;5;MALE;2020-03-05T01:31:54;Dynamic;rich;back-end;"g^f@0W.6*VUZ$";54210;Checking Account Regional;deposit;Branding Open-architected Cross-platform;"kH'g@4#!yJ.S.";5879
6;Chad;Nitzsche;0;MALE;2020-03-05T04:09:56;Buckinghamshire Bedfordshire Analyst;digital;Unbranded Wooden Pants;"2iC@c&-2.m:Q4_";70458;Cotton;Platinum Home Loan Account;payment Convertible Marks;"&@>X.cm";94128
7;Elfrieda;Watsica;0;FEMALE;2020-03-05T00:15:08;generate implement;New Israeli Sheqel Developer;Assurance;"YDU_@p8o3,U.W&zo";74269;Games;Assistant Throughway;Coordinator;"XW@00KN.n;0,";85720
8;Lucie;Block;4;MALE;2020-03-05T02:47:36;Fish synergize Tools;tangible Soap Operations;payment;"3.@l.XBkP";5250;incubate Russian Federation calculating;dot-com instruction set synthesizing;hacking;">V@fr's./6x";65553
9;Rowena;Hyatt;3;MALE;2020-03-05T00:32:54;e-business Metal Strategist;even-keeled;Graphical User Interface Global;"ff@F3bZy+.j";1880;Principal Cloned feed;deposit microchip;bypassing schemas Berkshire;"aSl.v@(i*.;.P";88375
10;Libby;Raynor;2;FEMALE;2020-03-05T13:41:36;partnerships;North Carolina;Grass-roots;"e\@ov.R";32942;Central South Dakota Bedfordshire;Borders Checking Account;firewall;"{@-nX+w.+DY&";71428
